{"stats":{"minecraft:picked_up":{"ancientfantasy:ancient_log":16,"ancientfantasy:ancient_door":1,"minecraft:leather":3,"ancientfantasy:tuff_pillars":2,"minecraft:tuff":1,"ancientfantasy:polished_tuff_slab":3,"minecraft:rotten_flesh":3,"minecraft:wheat_seeds":1,"minecraft:cobbled_deepslate":2,"minecraft:beef":3,"minecraft:cobblestone":1,"ancientfantasy:polished_tuff":8},"minecraft:dropped":{"minecraft:wheat_seeds":1,"minecraft:rotten_flesh":1},"minecraft:mined":{"minecraft:tuff":1,"ancientfantasy:ancient_log":16,"minecraft:grass":15,"ancientfantasy:polished_tuff_slab":3,"ancientfantasy:polished_tuff":8,"minecraft:cobblestone":1,"minecraft:deepslate":2,"ancientfantasy:tuff_pillars":2},"minecraft:crafted":{"ancientfantasy:ancient_wood_planks":32,"minecraft:polished_deepslate":16,"minecraft:crafting_table":1,"minecraft:stick":4,"minecraft:stone_pickaxe":1,"ancientfantasy:polished_tuff":72,"ancientfantasy:polished_tuff_slab":18,"minecraft:deepslate_bricks":16,"minecraft:stone_axe":1,"ancientfantasy:ancient_door":1,"ancientfantasy:ancientoe":1},"minecraft:killed_by":{"minecraft:iron_golem":1},"minecraft:killed":{"ancientfantasy:tuff_golem":6,"minecraft:donkey":1,"minecraft:zombie":4,"minecraft:cow":1},"minecraft:custom":{"minecraft:time_since_rest":25139,"minecraft:sprint_one_cm":93670,"minecraft:damage_taken":920,"minecraft:walk_one_cm":122627,"minecraft:mob_kills":12,"minecraft:drop":2,"minecraft:damage_dealt":2289,"minecraft:interact_with_crafting_table":8,"minecraft:fly_one_cm":376020,"minecraft:crouch_one_cm":1917,"minecraft:play_time":59748,"minecraft:deaths":1,"minecraft:sneak_time":1120,"minecraft:jump":1404,"minecraft:leave_game":6,"minecraft:time_since_death":25113,"minecraft:climb_one_cm":1152,"minecraft:total_world_time":73452,"minecraft:fall_one_cm":44658},"minecraft:used":{"minecraft:oak_log":9,"ancientfantasy:ancient_log":95,"ancientfantasy:polished_tuff_pressure_plate":2,"ancientfantasy:ancient_wood_planks":104,"ancientfantasy:ancientoe":8,"minecraft:grass_block":3,"ancientfantasy:polished_tuff":183,"minecraft:bread":13,"minecraft:jungle_fence":1,"ancientfantasy:ancient_wooden_fence":15,"minecraft:ladder":6,"minecraft:stone_axe":11,"minecraft:deepslate_bricks":16,"ancientfantasy:tuff_pillars":90,"minecraft:oak_door":3,"ancientfantasy:ancient_door":3,"minecraft:cobblestone":1,"minecraft:vine":19,"minecraft:crafting_table":4,"ancientfantasy:polished_tuff_slab":15,"ancientfantasy:tuff_golem_spawn_egg":68,"minecraft:netherite_pickaxe":31,"minecraft:glass_pane":45,"ancientfantasy:ancient_trapdoor":2,"minecraft:tuff":20,"ancientfantasy:ancient_wooden_stairs":294}},"DataVersion":2975}