{
  "_fv": 47,
  "_type": "recipe",
  "definition": {
    "recipeType": "Crafting",
    "recipeRetstackSize": 6,
    "group": "",
    "cookingBookCategory": "MISC",
    "xpReward": 0.0,
    "cookingTime": 200,
    "craftingBookCategory": "MISC",
    "recipeShapeless": false,
    "recipeSlots": [
      {
        "value": ""
      },
      {
        "value": ""
      },
      {
        "value": ""
      },
      {
        "value": "CUSTOM:PolishedTuff"
      },
      {
        "value": "CUSTOM:PolishedTuff"
      },
      {
        "value": "CUSTOM:PolishedTuff"
      },
      {
        "value": "CUSTOM:PolishedTuff"
      },
      {
        "value": "CUSTOM:PolishedTuff"
      },
      {
        "value": "CUSTOM:PolishedTuff"
      }
    ],
    "recipeReturnStack": {
      "value": "CUSTOM:PolishedTuffWall"
    },
    "name": "polished_tuff_wall_recipe",
    "namespace": "mod"
  }
}