{
  "type": "minecraft:crafting_shaped",
  "pattern": [
    "012",
    "345"
  ],
  "key": {
    "0": {
      "item": "minecraft:stick"
    },
    "1": {
      "item": "ancientfantasy:ancient_wood_planks"
    },
    "2": {
      "item": "minecraft:stick"
    },
    "3": {
      "item": "minecraft:stick"
    },
    "4": {
      "item": "ancientfantasy:ancient_wood_planks"
    },
    "5": {
      "item": "minecraft:stick"
    }
  },
  "result": {
    "item": "ancientfantasy:ancient_wooden_fence_gate",
    "count": 1
  }
}